[
	{
		"eps": 1053,
		"id": 0,
		"name": "One Piece",
		"img": "./assets/animeCovers/onepiece.jpeg",
		"rating": 4.6,
		"description": "One Piece is a long-running manga and anime series created by Eiichiro Oda. The series first began serialization in Weekly Shonen Jump magazine in 1997, and has since become one of the most popular and successful anime and manga franchises in the world.The story of One Piece follows the adventures of Monkey D. Luffy, a young pirate with the ability to stretch his body like rubber after eating the 'Gomu Gomu no Mi' Devil Fruit. Luffy's goal is to find the ultimate treasure known as the 'One Piece' and become the Pirate King, a title held by the legendary pirate Gol D. Roger, who was executed years before the start of the story.The world of One Piece is populated by a diverse range of characters, from other pirates and marines to civilians and rulers of different kingdoms. Luffy sets out on his journey to find the One Piece with a crew of pirates known as the Straw Hat Pirates, which includes Zoro the swordsman, Nami the navigator, Usopp the marksman, Sanji the cook, Chopper the doctor, Robin the archaeologist, Franky the shipwright, and Brook the musician.One of the defining features of One Piece is its unique blend of action, humor, and emotional storytelling. The series features epic battles between pirates and marines, as well as humorous moments and emotional character development that endears readers and viewers to the series. Oda is known for his attention to detail in character design, world-building, and plot development, which has helped One Piece become a rich and immersive fictional universe.As Luffy and his crew journey through the world of One Piece, they encounter a variety of allies and enemies, explore new islands, and face off against powerful foes. One of the key themes of the series is the importance of friendship and the bonds that develop between the Straw Hat Pirates as they work together to achieve their goals.One Piece has also become known for its social commentary and exploration of political and social issues. The series deals with themes such as government corruption, discrimination, and the effects of war on civilian populations. Oda uses the fictional world of One Piece to comment on real-world issues and encourage readers to think critically about the world around them.The popularity of One Piece has led to numerous adaptations and spin-offs, including multiple anime series, movies, video games, and merchandise. The series has also inspired a devoted fan community, with fans around the world creating fan art, cosplay, and engaging in online discussions and debates about the series.Overall, One Piece is a rich and immersive fictional universe that has captured the hearts of fans around the world. With its unique blend of action, humor, and emotional storytelling, the series continues to captivate readers and viewers over two decades after its initial publication."
	},
	{
		"eps": 24,
		"id": 1,
		"name": "Blue lock",
		"rating": 4.2,
		"img": "./assets/animeCovers/bluelock.jpeg",
		"description": "Blue Lock is a popular Japanese manga series created by Muneyuki Kaneshiro and illustrated by Yusuke Nomura. The series first began serialization in Weekly Shonen Magazine in 2018 and has gained a dedicated following among manga readers.The story of Blue Lock follows the journey of Yoichi Isagi, a young football player who dreams of becoming the best striker in Japan. Isagi is scouted by Jinpachi Ego, the eccentric coach of the Blue Lock program, a new training program designed to create the ultimate striker for the Japanese national team.The Blue Lock program brings together 300 of the best young strikers in Japan and pits them against each other in a competition to see who can become the ultimate striker. The program is designed to test the limits of the players' abilities and push them to become the best they can be.One of the central themes of Blue Lock is the intense competition and pressure that the players face as they train to become the ultimate striker. The players must overcome their own personal demons and rivalries with their fellow players in order to succeed in the program. The series explores the emotional toll that this pressure takes on the players and the sacrifices that they must make to achieve their goals.The characters in Blue Lock are diverse and well-developed, with each player bringing their own unique skills and personality to the competition. Isagi, the main protagonist, is a talented but untested player who must learn to adapt to the intense competition and pressure of the Blue Lock program. Other key characters include Rin Itoshi, a player with a troubled past who seeks redemption through the program, and Bachira Hanji, a charismatic and talented player who becomes a rival to Isagi.The art style of Blue Lock is dynamic and action-packed, with detailed depictions of the intense soccer matches and training sessions. The series also features a strong emphasis on strategy and tactics, with the players constantly analyzing their opponents and developing new techniques to gain an advantage on the field.Overall, Blue Lock is a gripping and intense manga series that will appeal to fans of sports manga and anime. With its well-developed characters, intense competition, and dynamic art style, the series is a must-read for fans of the genre."
	},
	{
		"eps": 37,
		"id": 2,
		"rating": 4.5,
		"name": "Death Note",
		"img": "./assets/animeCovers/deathnote.jpeg",
		"description": "Death Note is a popular anime series based on the manga of the same name written by Tsugumi Ohba and illustrated by Takeshi Obata. The anime first premiered in Japan in 2006 and has since gained a dedicated following among anime fans around the world.The story of Death Note follows the young high school student Light Yagami, who discovers a mysterious notebook that has the power to kill anyone whose name is written inside. Light becomes obsessed with using the notebook, known as the Death Note, to rid the world of criminals and create a utopian society.However, Light's actions do not go unnoticed, and he soon attracts the attention of the enigmatic detective known only as L. A tense game of cat and mouse ensues between Light and L as they try to outsmart each other and achieve their own goals.One of the key themes of Death Note is the nature of justice and morality. Light believes that he is doing the right thing by using the Death Note to eliminate criminals, but as the series progresses, his actions become more extreme and his morals more questionable. L, on the other hand, is a detective who is committed to upholding the law, but he is willing to use unconventional methods to achieve his goals.The characters in Death Note are complex and well-developed, with each one contributing to the central conflict between Light and L. Light is a charismatic and intelligent young man who becomes increasingly ruthless as he becomes more consumed with his desire for power. L is a mysterious and brilliant detective who is willing to go to great lengths to catch Light, even if it means risking his own life.The art style of Death Note is dark and atmospheric, with detailed character designs and a muted color palette that reflects the serious tone of the series. The anime also features an iconic soundtrack composed by Yoshihisa Hirano and Hideki Taniuchi, which helps to create a tense and suspenseful atmosphere throughout the series.Overall, Death Note is a must-watch anime series that combines elements of mystery, thriller, and drama to create a gripping and thought-provoking story. With its well-developed characters, intense plot, and iconic art style, the series has become a classic of the anime genre and a favorite among fans around the world."
	},
	{
		"eps": 44,
		"id": 3,
		"rating": 4.3,
		"name": "Demon Slayer",
		"img": "./assets/animeCovers/demonslayer.jpeg",
		"description": "Demon Slayer is a popular anime series based on the manga of the same name written and illustrated by Koyoharu Gotouge. The anime first premiered in Japan in 2019 and has since gained a dedicated following among anime fans around the world.The story of Demon Slayer follows the young boy Tanjiro Kamado, who becomes a demon slayer after his family is attacked by demons and his younger sister Nezuko is turned into a demon. Tanjiro sets out on a journey to find a cure for his sister and to avenge the deaths of his family.Along the way, Tanjiro meets a diverse cast of characters, including his fellow demon slayers Zenitsu Agatsuma and Inosuke Hashibira, as well as the enigmatic demon slayer leader Kyojuro Rengoku. The group sets out on various missions to hunt down and defeat powerful demons, while Tanjiro searches for a way to turn his sister back into a human.One of the key themes of Demon Slayer is the power of family and the importance of human connections. Tanjiro is driven by his love for his sister and his desire to protect her, and his bond with Nezuko becomes a central focus of the series. The anime also explores the relationships between the demon slayers themselves, as they learn to trust and rely on each other in the face of danger.The characters in Demon Slayer are well-developed and likable, with each one bringing their own unique personality and abilities to the group. Tanjiro is a kind and determined protagonist who never gives up, even in the face of overwhelming odds. Nezuko, despite being a demon, is a sympathetic character who struggles with her own demons as she tries to control her hunger for human flesh.The art style of Demon Slayer is stunning, with detailed character designs and vibrant colors that bring the world of the series to life. The anime also features dynamic fight scenes and stunning animation that make the battles between the demon slayers and demons a joy to watch.Overall, Demon Slayer is a must-watch anime series that combines action, drama, and emotion to create a gripping and heartfelt story. With its well-developed characters, stunning animation, and themes of family and connection, the series has become a fan favorite and a classic of the anime genre"
	},
	{
		"eps": 24,
		"id": 4,
		"rating": 4.2,
		"name": "Jujutsu Kaisen ",
		"img": "./assets/animeCovers/jjk.jpeg",
		"description": "Jujutsu Kaisen, also known as JJK, is a popular anime series based on the manga of the same name written and illustrated by Gege Akutami. The anime first premiered in Japan in 2020 and has quickly gained a dedicated following among anime fans around the world.The story of Jujutsu Kaisen follows the high school student Yuji Itadori, who becomes a Jujutsu sorcerer after consuming a cursed object that houses the powerful demon Sukuna. Yuji must join forces with the Jujutsu sorcerers and learn to control Sukuna's power in order to prevent the demon from destroying the world.The series is set in a world where cursed spirits and demons exist, and Jujutsu sorcerers are tasked with protecting humanity from these supernatural threats. Yuji becomes part of a team of Jujutsu sorcerers, including the stern and powerful Gojo Satoru and the hardworking and dedicated Kugisaki Nobara. Together, they embark on various missions to hunt down and defeat cursed spirits and demons.One of the key themes of Jujutsu Kaisen is the struggle between good and evil, and the complex nature of morality. Yuji, as the host of the powerful demon Sukuna, must grapple with his own morality and the possibility that he could become a threat to humanity. The series also explores the motivations and actions of the villains, who are not always purely evil and often have their own personal reasons for their actions.The characters in Jujutsu Kaisen are well-developed and memorable, with each one contributing to the dynamic and engaging story. Yuji is a likable and determined protagonist who is always willing to put himself in danger to protect others. Gojo is a charismatic and powerful Jujutsu sorcerer who is both a mentor and a friend to Yuji, while Nobara is a strong-willed and determined fighter who never backs down from a challenge.The art style of Jujutsu Kaisen is visually stunning, with vibrant colors and detailed character designs that bring the world of the series to life. The anime also features fast-paced and intense fight scenes that showcase the abilities of the Jujutsu sorcerers and their opponents.Overall, Jujutsu Kaisen is a must-watch anime series that combines action, drama, and emotion to create a compelling and thought-provoking story. With its well-developed characters, stunning animation, and themes of morality and humanity, the series has become a fan favorite and a classic of the anime genre."
	},
	{
		"eps": 170,
		"id": 5,
		"rating": 4.1,
		"name": "Black Clover",
		"img": "./assets/animeCovers/blackclover.jpeg",
		"description": "Black Clover is an anime series based on the manga of the same name written and illustrated by Yūki Tabata. The anime premiered in Japan in 2017 and has since become a popular series among anime fans around the world. The story follows Asta, a young orphan boy who dreams of becoming the Wizard King, the most powerful wizard in the Clover Kingdom. Despite being born without magic, Asta possesses incredible physical strength and determination. Along with his best friend and rival Yuno, Asta joins the magic knights and sets out to prove himself as a worthy candidate for the title of Wizard King. The series is set in a world where magic is a common practice and the Clover Kingdom is constantly under threat from powerful enemies. Asta and Yuno, along with their fellow magic knights, must face dangerous foes and complete various missions to protect the kingdom and achieve their goals. One of the key themes of Black Clover is the power of perseverance and determination. Asta, despite being born without magic, never gives up on his dream of becoming the Wizard King and is constantly pushing himself to become stronger. The anime also explores the bonds of friendship, as Asta and Yuno's rivalry turns into a deep and lasting friendship over the course of the series. The characters in Black Clover are diverse and well-developed, with each one bringing their own unique personality and abilities to the story. Asta is a likable and determined protagonist who is always willing to put himself in danger to protect others. Yuno is a skilled and intelligent magic knight who serves as Asta's friendly rival. The other magic knights, including the powerful and stoic Nozel Silva and the hot-headed and impulsive Magna Swing, add depth and complexity to the story. The art style of Black Clover is visually appealing, with detailed character designs and vibrant colors that bring the world of the series to life. The anime also features exciting and action-packed fight scenes that showcase the abilities of the magic knights and their opponents. Overall, Black Clover is a must-watch anime series that combines action, drama, and humor to create a fun and engaging story. With its well-developed characters, stunning animation, and themes of perseverance and friendship, the series has become a fan favorite and a classic of the anime genre."
	},
	{
		"eps": 720,
		"id": 6,
		"rating": 4.2,
		"name": "Naruto",
		"img": "./assets/animeCovers/naruto.jpeg",
		"description": "Naruto is a classic anime series based on the manga of the same name written and illustrated by Masashi Kishimoto. The anime premiered in Japan in 2002 and quickly became a global phenomenon, with a dedicated fanbase and numerous spin-offs and adaptations. The story follows Naruto Uzumaki, a young ninja who dreams of becoming the Hokage, the leader of his village and the strongest ninja in the land. Along with his friends and fellow ninjas Sasuke Uchiha and Sakura Haruno, Naruto trains under the guidance of his mentor, the wise and powerful Kakashi Hatake. The series is set in a world of ninjas and shinobi, where various ninja villages compete for power and influence. Naruto and his friends must complete dangerous missions and face powerful enemies to protect their village and achieve their dreams. One of the key themes of Naruto is the power of hard work and determination. Naruto, despite being an outcast and often ridiculed by his peers, never gives up on his dream and is constantly pushing himself to become stronger. The anime also explores themes of friendship, as Naruto and his friends form strong bonds and support each other through their trials and tribulations. The characters in Naruto are diverse and well-developed, with each one bringing their own unique personality and abilities to the story. Naruto is a likable and determined protagonist who is always willing to put himself in danger to protect others. Sasuke is a skilled and brooding ninja who serves as Naruto's rival and friend. Sakura is a smart and capable ninja who provides valuable support to her teammates. The other ninjas, including the wise and powerful Jiraiya and the stoic and powerful Tsunade, add depth and complexity to the story. The art style of Naruto is visually impressive, with detailed character designs and vibrant colors that bring the world of the series to life. The anime also features thrilling fight scenes that showcase the unique abilities of each ninja and their opponents. Overall, Naruto is a classic anime series that has become a cultural phenomenon and a staple of the genre. With its themes of hard work, determination, and friendship, the series has inspired generations of fans and continues to be beloved by audiences around the world."
	},
	{
		"eps": 138,
		"rating": 3.8,
		"id": 7,
		"name": "My hero Academia",
		"img": "./assets/animeCovers/mha.jpeg",
		"description": "My Hero Academia, also known as MHA, is a popular anime series based on the manga of the same name written and illustrated by Kōhei Horikoshi. The anime premiered in Japan in 2016 and has since gained a massive following among anime fans worldwide. The story takes place in a world where almost everyone has a superpower, known as a Quirk. The protagonist, Izuku Midoriya, is a boy without a Quirk who dreams of becoming a hero like his idol, All Might. When Izuku is given a chance to prove himself worthy of inheriting All Might's power, he joins the prestigious U.A. High School for heroes and begins his journey to become the greatest hero of all time. Along the way, he makes friends with other aspiring heroes, including his rival Katsuki Bakugo and the kind-hearted Ochaco Uraraka. My Hero Academia explores themes of heroism, friendship, and the meaning of power. The characters are well-developed and likable, with each one possessing unique personalities and quirks that add depth to the story. Izuku is a determined and inspiring protagonist who never gives up on his dreams, despite the odds being against him. Katsuki is a hot-headed and stubborn rival who pushes Izuku to be his best. Ochaco is a kind and supportive friend who always has Izuku's back. The other students at U.A. High School, including the stoic Shoto Todoroki and the energetic Tenya Iida, bring their own unique perspectives and challenges to the story. The art style of My Hero Academia is vibrant and dynamic, with fluid animation and stunning fight scenes that showcase the unique abilities of each character. The anime also features a memorable soundtrack that adds to the emotional impact of the story. Overall, My Hero Academia is a must-watch anime series that combines action, humor, and heart to create a compelling and inspiring story. With its well-developed characters, stunning animation, and themes of heroism and friendship, the series has quickly become a fan favorite and a standout in the anime genre."
	},
	{
		"eps": 25,
		"rating": 4.1,
		"id": 8,
		"name": "SummerTime rendering",
		"img": "./assets/animeCovers/str.jpeg",
		"description": "Summer Time Rendering is a recent anime series based on the manga of the same name written and illustrated by Yasuki Tanaka. The anime premiered in Japan in 2021 and has since gained a dedicated following among anime fans around the world. The story follows Shinpei Ajiro, a young man who returns to his hometown after a decade away to attend his high school reunion. However, upon arriving in town, Shinpei discovers that time has seemingly stopped and he is trapped in a never-ending summer. Along with his childhood friends, Shinpei sets out to uncover the mystery behind the strange phenomenon and find a way to escape the endless summer. The series is set in a small town in Japan and explores themes of nostalgia, regret, and the fleeting nature of time. The characters in Summer Time Rendering are complex and relatable, with each one dealing with their own personal struggles and regrets. Shinpei is a likable and relatable protagonist who is struggling to come to terms with his past and his uncertain future. His childhood friends, including the reserved and mysterious Koito Nonomiya and the outgoing and energetic Karen Yamada, provide support and camaraderie as they work together to solve the mystery of the never-ending summer. The art style of Summer Time Rendering is visually stunning, with detailed backgrounds and character designs that capture the nostalgic and dreamlike atmosphere of the series. The anime also features a hauntingly beautiful soundtrack that adds to the emotional impact of the story. Overall, Summer Time Rendering is a must-watch anime series that combines mystery, drama, and emotion to create a compelling and thought-provoking story. With its well-developed characters, stunning animation, and themes of nostalgia and the fleeting nature of time, the series has quickly become a fan favorite and a standout in the anime genre."
	},
	{
		"eps": 25,
		"rating": 4.2,
		"id": 9,
		"name": "Spy x Family ",
		"img": "./assets/animeCovers/spyxfamily.jpeg",
		"description": "Spy x Family, also known as Spy Family in short, is a relatively new anime series based on the manga of the same name written and illustrated by Tatsuya Endo. The anime premiered in Japan in 2022 and has already gained a loyal following among anime fans worldwide. The story takes place in a fictional country called Westalis, where espionage is a crucial part of the government's operations. The protagonist, Twilight, is a spy who is assigned to infiltrate an elite school and gather information on a dangerous individual. In order to blend in, Twilight creates a fake family consisting of a telepathic girl named Anya and an assassin named Yor, who he marries. The three of them must work together to maintain their cover while also navigating the challenges of everyday family life. Spy x Family explores themes of family, love, and loyalty in a unique and entertaining way. The characters are all lovable and relatable, with each one possessing their own quirks and flaws that make them feel like real people. Twilight is a skilled and intelligent spy who struggles with his own emotions and sense of identity. Yor is a tough and capable assassin who is surprisingly nurturing when it comes to her family. Anya is a precocious and adorable young girl who has the power to read people's thoughts, adding an extra layer of humor and tension to the story. The art style of Spy x Family is bright and colorful, with clean and detailed character designs that make the world feel lively and vibrant. The anime also features a catchy and upbeat soundtrack that adds to the overall charm of the series. Overall, Spy x Family is a refreshing and delightful anime series that stands out for its unique premise and well-developed characters. With its combination of action, comedy, and heartwarming family moments, the series has quickly become a fan favorite and a must-watch for anime enthusiasts looking for something fresh and exciting."
	},
	{
		"eps": 100,
		"rating": 4,
		"id": 10,
		"name": "7 deadly sins",
		"img": "./assets/animeCovers/7deadlysins.jpeg",
		"description": "The Seven Deadly Sins, also known as Nanatsu no Taizai in Japanese, is a popular anime series based on the manga of the same name written and illustrated by Nakaba Suzuki. The anime premiered in Japan in 2014 and has since gained a massive following among anime fans worldwide. The story takes place in a medieval-inspired world where the Seven Deadly Sins, a group of powerful knights who were once accused of plotting to overthrow the kingdom, are the only ones capable of defeating the tyrannical Holy Knights who have taken control. The protagonist, Meliodas, is the captain of the Seven Deadly Sins and is on a quest to find his missing comrades and save the kingdom from the Holy Knights' tyranny. Along the way, he meets Elizabeth Liones, the third princess of the kingdom, and the two of them embark on a journey to gather the Seven Deadly Sins and restore peace to the land. The Seven Deadly Sins explores themes of friendship, betrayal, and redemption. The characters are memorable and distinct, with each one possessing unique personalities and abilities that add depth to the story. Meliodas is a charming and powerful protagonist who has a dark past that haunts him throughout the series. Elizabeth is a kind and compassionate princess who becomes a formidable warrior in her own right. The other members of the Seven Deadly Sins, including the prideful Diane, the gluttonous King, and the wrathful Ban, bring their own unique perspectives and challenges to the story. The art style of The Seven Deadly Sins is colorful and vibrant, with fluid animation and detailed character designs that bring the world to life. The anime also features a memorable soundtrack that adds to the emotional impact of the story. Overall, The Seven Deadly Sins is a must-watch anime series that combines action, humor, and heart to create a compelling and engaging story. With its well-developed characters, stunning animation, and themes of friendship and redemption, the series has quickly become a fan favorite and a standout in the anime genre."
	},
	{
		"eps": 88,
		"id": 11,
		"name": "Attack On Titan",
		"rating": 4.5,
		"img": "./assets/animeCovers/aot.jpeg",
		"description": "Attack on Titan, also known as AOT, is a critically acclaimed anime series based on the manga of the same name written and illustrated by Hajime Isayama. The anime premiered in Japan in 2013 and has since gained a massive following among anime fans worldwide. The story takes place in a world where humanity lives within three concentric walls to protect themselves from Titans, massive humanoid creatures who devour humans without reason. The protagonist, Eren Yeager, witnesses the destruction of his home and the death of his mother by the Titans, which fuels his desire for revenge. Along with his adopted sister Mikasa Ackerman and his best friend Armin Arlert, Eren joins the military to fight against the Titans and uncover the mysteries of their origin. Attack on Titan explores themes of survival, freedom, and the human condition. The characters are complex and multifaceted, with each one possessing unique motivations and flaws that add depth to the story. Eren is a determined and passionate protagonist who struggles with his own humanity as he fights against the Titans. Mikasa is a skilled and stoic warrior who will do whatever it takes to protect Eren. Armin is a thoughtful and intelligent strategist who provides valuable insights into the Titans and their weaknesses. The other members of the military, including the stern and skilled Captain Levi and the fearless and compassionate Commander Hange Zoë, bring their own perspectives and challenges to the story. The art style of Attack on Titan is gritty and intense, with dark and detailed character designs and visceral action sequences that emphasize the brutal nature of the Titans. The anime also features a haunting and atmospheric soundtrack that adds to the emotional impact of the story. Overall, Attack on Titan is a masterpiece of the anime genre that has earned its place as one of the most influential and beloved series of all time. With its complex characters, intense action, and themes of survival and freedom, the series has captivated audiences around the world and inspired countless fans to delve deeper into the medium of anime."
	},
	{
		"eps": 148,
		"id": 12,
		"name": "Hunter x Hunter",
		"rating": 3,
		"img": "./assets/animeCovers/hxh.jpeg",
		"description": "Hunter x Hunter, also known as HxH in short, is a critically acclaimed anime series based on the manga of the same name written and illustrated by Yoshihiro Togashi. The anime premiered in Japan in 2011 and quickly gained a massive following among anime fans worldwide. The story follows a young boy named Gon Freecss who discovers that his father, who he believed to be dead, is actually a legendary Hunter, a highly skilled individual who travels the world to pursue treasure, rare creatures, and other valuable pursuits. Inspired by his father's legacy, Gon decides to become a Hunter himself and embarks on a journey to find his father while also learning the skills and techniques required to survive in the dangerous and competitive world of Hunters. Hunter x Hunter explores themes of friendship, adventure, and personal growth in a mature and nuanced way. The characters are all complex and multifaceted, with each one possessing their own goals, motivations, and struggles. Gon is a determined and optimistic protagonist who learns the harsh realities of the world as he grows and develops as a Hunter. His friends, including the calculating and analytical Killua, the enigmatic and powerful Kurapika, and the carefree and eccentric Leorio, all bring their own unique perspectives and challenges to the story. The art style of Hunter x Hunter is sleek and polished, with dynamic action scenes and intricate character designs that capture the essence of each character's personality and abilities. The anime also features a haunting and atmospheric soundtrack that adds to the emotional impact of the story. Overall, Hunter x Hunter is a masterful anime series that combines action, adventure, and drama to create a rich and engaging world filled with memorable characters and complex themes. With its well-crafted story, stunning animation, and compelling characters, the series has earned its place as one of the best anime of all time and is a must-watch for fans of the genre."
	}
]
