{
  "users": [
    {
      "userName": "Manikanta",
      "Age": "22",
      "City": "Bhimavaram"
    },
    {
      "userName": "Manikanta",
      "Age": "22",
      "City": "Bhimavaram"
    },
    {
      "userName": "Manikanta",
      "Age": "22",
      "City": "Bhimavaram"
    },
    {
      "userName": "Manikanta",
      "Age": "22",
      "City": "Bhimavaram"
    },
    {
      "userName": "Manikanta",
      "Age": "22",
      "City": "Bhimavaram"
    },
    {
      "userName": "Manikanta",
      "Age": "22",
      "City": "Bhimavaram"
    },
    {
      "userName": "Manikanta",
      "Age": "22",
      "City": "Bhimavaram"
    },
    {
      "userName": "Manikanta",
      "Age": "22",
      "City": "Bhimavaram"
    },
    {
      "userName": "Manikanta",
      "Age": "22",
      "City": "Bhimavaram"
    }
  ]
}
